name,phone,email,city,slang
Aaron Montgomery,992-447-5648x953,matthewthompson@le-gardner.biz,Smithfurt,painting
Mr. David Dunlap,6572522482,ekaufman@keller.com,South Dennis,wear
Derek Roth,(382)129-1095,shawkyle@deleon.com,West Lindseymouth,eight
Jennifer Vargas,001-709-438-0534,swansonshawn@gmail.com,Phillipstown,central
Danielle Thornton,(142)888-6744,leahwilliams@howard.com,Port Amber,environment
Randy Murillo,868-905-8055x380,reidchristopher@lawrence-reynolds.info,Crystalview,three
Jeffrey Thomas,(475)984-3705,nicolethompson@gmail.com,Moranshire,feeling
Matthew Peterson,(228)154-5799,kimharris@williams.net,Jeremybury,but
Jeffrey Fox,001-065-980-9699x554,hickmanbrenda@fuller-clark.com,North Diane,your
Thomas Sanchez,714-304-7430x078,todderin@yahoo.com,Kathleenfurt,lose
Adrienne Boyd,(271)408-1261x0797,dana75@gmail.com,West Carolyn,save
Christopher Rodriguez,867.526.1157x9900,rachael95@turner-hess.com,Sydneytown,usually
Donald Green,001-736-698-6102x2503,jonesthomas@hotmail.com,West Garybury,somebody
Amanda Gonzalez,001-467-663-1135x9386,lewisjoseph@gmail.com,Mackmouth,form
Charlotte Patton,+1-318-802-6376x224,johnsongary@rodriguez.net,Zimmermanburgh,stay
Elizabeth Parker,407.987.7627x4982,kaylamoore@gonzalez.com,Jennatown,population
Briana Howell,688.732.0130,xbradford@gmail.com,Stephenberg,product
Gregory Myers,970.751.6126x339,lhudson@johnson-burnett.biz,Alexisbury,strategy
Steven Washington,1669605865,george92@gmail.com,East Natalieview,discussion
Kathleen Garcia,(847)469-6207,andrew26@thomas.com,Turnerfort,open
Maria Bryant,236-258-3013x070,smithlauren@yahoo.com,New Matthew,improve
Alejandro Frederick,+1-068-614-7919x23822,fmercado@hotmail.com,Clineton,nation
Roberta Hanson,+1-169-121-7686x50900,jonrichards@peterson.com,Lake Teresashire,hit
Mr. Robert Douglas Jr.,+1-845-569-3165x8246,dwilkerson@hotmail.com,East Shawn,somebody
Kara Thomas,(496)527-7735,cynthiathompson@clark-cameron.net,Jacquelineview,new
Nicholas Bradley,(528)359-4825x357,ofrost@gmail.com,East Deanville,stay
Jessica Webb,167.109.3495,gloriaadams@hotmail.com,West Robertview,trouble
Leah Sellers,(151)477-6054,anthony67@baldwin.com,Port Margaret,such
Donald Allen,732-304-9067x021,pshields@yahoo.com,Pughshire,feeling
Priscilla Powell,007-798-2508x79928,comptonbrandi@bell.org,South Charles,laugh
Scott Moore,(082)751-3759,garciarebecca@gmail.com,East Jessica,close
Michelle Freeman,819.736.1187x0840,davisalbert@taylor-acosta.com,Victorshire,window
Pamela Gonzalez,2523483745,shannonarnold@rivera.net,West Tammyton,condition
Todd Bowman,2386366855,savannahhahn@hotmail.com,New Brandi,its
Andrew Adams,+1-833-571-1493x165,plevine@hall-walker.biz,Davisville,local
Tanya Rogers,2311548868,jenniferwilliams@hotmail.com,Port Kaylafurt,federal
Wesley Mullins,001-391-030-6643x35910,mirandadennis@guerra.com,Lake Chelseashire,these
Peter Thompson,001-039-513-7160x586,glennholt@herrera-evans.org,West Julia,who
Scott Yates,001-246-999-4268x780,jameszamora@yahoo.com,Martinville,information
Kelly Kim,300.954.9233x73834,ledwards@robertson-dillon.biz,East Donald,alone
Christine Rangel,259.585.1050x9358,brian32@li.org,Williamsberg,usually
Robert Campbell,+1-229-475-3760x73509,jhensley@yahoo.com,North Michaelchester,fine
Michael Huber,(097)768-6902x925,tony29@hotmail.com,Gardnerbury,join
Denise Velazquez,+1-647-781-0521x125,ethan81@gibson.com,Lake Kristen,now
Mr. Craig Gilbert DVM,808.721.4392x5654,aaguilar@hotmail.com,Lake Joshua,meeting
Carrie Beasley,8008025366,lsmith@hotmail.com,Jordanburgh,fall
Kristen Becker,+1-597-853-3619x472,beckermarc@stone.com,Martintown,compare
Anna Jarvis,(569)042-2276x97096,james91@hotmail.com,Port Cassidy,economy
Brandon Torres,(177)834-1724,proctorbrittany@downs-benitez.com,East Russell,challenge
George Mcintosh,(938)905-5439,marissahernandez@martin.com,Port Wendy,play
Kristen Anderson,001-049-070-5659,richardsonchristina@yahoo.com,East Aaron,vote
Emily Willis,6187425385,martinjames@yahoo.com,Jamesland,how
Katie Smith DVM,0051708462,jason59@warren.info,East Josephbury,resource
Stephanie Graham,438.344.0250x2074,inelson@gmail.com,Port Jordan,major
Jared Nichols,001-994-508-7041x284,allenchristine@gomez.com,Marymouth,agreement
Stefanie Schultz,001-798-656-0995x8616,thompsonleonard@quinn.com,Catherinebury,interesting
Jackie Robinson,8384523854,andrewmorales@gmail.com,South Briana,task
Christina Ochoa,+1-479-371-0737x04085,rmoore@hotmail.com,Petersonburgh,apply
Joseph Underwood,001-179-418-8155x824,thomas50@taylor.com,East Connie,material
Daniel Thompson MD,001-478-327-7405x04484,ginagrant@taylor.com,New Meghanton,he
Cindy Torres,(924)916-4170x42898,shelby68@hines.com,Lisabury,just
Justin Lynch,677.447.3730x050,paulstewart@robinson-chavez.com,Markbury,poor
Andrew Khan,168-077-1068,grant44@stone.net,West Kaitlyn,watch
Roberto Coleman,305-513-4188,katherinemann@hotmail.com,Lake Samanthabury,trial
Daniel Porter,(243)870-2436,alexisgraves@gmail.com,Greenton,instead
John Moore,+1-680-858-8984x6805,jenniferwhite@mckee-turner.com,Dyerport,majority
James Cooper,487-760-8808,randybarnett@rivas.com,Lake Sandrachester,southern
Tammy Wells,001-002-962-1175x80088,ktaylor@sparks.com,Berrytown,this
Craig Johnson,635.605.6720,tavila@gmail.com,Kevinmouth,beat
Rebecca Dudley,(816)144-6337,vfritz@lewis.com,Theresastad,represent
Charles Hudson,001-988-393-6135x43011,weisswarren@cunningham.com,East Robertshire,however
Michael Crane DDS,678.615.8773,daniel46@gmail.com,East Gabrielleshire,church
Jay Black,990-190-0814,jonathan40@hotmail.com,Kyleland,group
Lisa Hall,+1-785-226-0580x12802,edward27@herrera-campbell.com,South Michaelmouth,form
Steve James,721-519-4318x1902,wilcoxmark@hotmail.com,Port Claireborough,local
William Smith,758.478.0629,allisonalexander@peters.com,Gibsonview,figure
Kristen Dickerson,+1-802-758-8995x02890,colleen26@buchanan.biz,Debraborough,statement
David Cooper,532-330-5963x069,moorecarmen@yahoo.com,New William,imagine
Christian Ali,(304)840-2411x032,goodwinjessica@hawkins.com,Tamaraland,like
Jeremy Potter,001-041-527-8221x3911,shelbybarron@zamora.com,Lake Ralphtown,reduce
Cynthia Yoder,+1-302-981-3955x000,jennifer53@gmail.com,East Heatherberg,focus
Trevor Powers,(424)074-3907x58704,mitchellglen@yahoo.com,North Lesliechester,lay
Kristin Michael,431-291-6954x48065,phillip44@hotmail.com,Williammouth,just
Johnny Rogers,(338)114-8102x8278,paul92@jacobs.org,Lake Nicholashaven,can
Sandra Shaw,1900286369,zrodriguez@harris.com,Port Cody,fish
Maria Stanley,001-078-811-3787x0138,fharvey@hotmail.com,West Christina,apply
Shelby Johnson,001-868-160-9001x366,pwillis@gmail.com,Port Wesleyfort,team
John Mckay,(354)496-2261x78425,michael86@yahoo.com,Bobhaven,area
Steven Hobbs,+1-313-637-1751x92017,kevinpayne@hotmail.com,Rebeccaburgh,phone
Gerald Williamson,930.490.6277x01170,clarkholly@sanchez-oliver.info,Lake Kevinmouth,learn
Barbara Lynch,+1-338-677-2056,pruittbrittany@yahoo.com,Port Travis,read
Holly Odonnell,660-993-6838,reesecindy@ross.net,Marshallchester,law
Bonnie Hill,025-207-5694x127,moorematthew@roman.com,Sarahton,management
Candice Moore,001-002-631-8368x49982,joshuashaw@gmail.com,Emilychester,physical
Nicole Williams PhD,711-343-1466x400,rebeccanelson@hotmail.com,Port Tamaraville,debate
Derrick Mcdaniel,491.737.6299x8435,ghenson@hotmail.com,Garcialand,great
Emily James,001-279-029-0892x0028,david45@holloway-davenport.net,East Anthony,give
Thomas Short,+1-194-730-8659x0143,timothy27@hotmail.com,North Diane,idea
Elizabeth Rowland,(083)946-1319,qthompson@rodriguez.com,Philipville,already
Abigail Edwards,771-895-3377x716,nicolerichardson@hotmail.com,East Paulland,guess
Sarah Bernard,470-874-2252x605,fortega@rogers-ibarra.biz,Jacksonbury,that
Danielle Johnson,797.352.8205x00359,robertsonjessica@yahoo.com,Danielchester,arm
Cassie Jackson,985.747.9809,nwright@gmail.com,Port Jamieberg,economic
Tara Fuller,6437053392,michaelwells@hotmail.com,Campbellfurt,worker
Kevin Stanley,001-306-446-9687x609,jared52@wright-wolf.com,South Mariahside,move
Christopher Martinez,938.033.0178x42778,georgelee@gardner-wong.info,West Tyler,white
Michael Esparza,721.348.2631,kathleenoliver@gmail.com,Lake Andreaville,him
Isaac Yates,537-018-3963,wilsonmark@hardy.com,South Christina,different
Sean Patrick,957-204-8899,nicholas08@hotmail.com,Tarafort,public
Derrick Garcia,966-149-8914,martinsolomon@richards.com,Morganfort,seem
Amy Jones,+1-410-850-8853x355,hannahdavis@yahoo.com,Lake Brian,each
William Silva,188-710-0227x856,shannonanderson@hotmail.com,North Lauraberg,there
Jared Williams,059-533-3161,bethanyalexander@gonzales-reyes.net,South Zachary,mean
Sierra Sweeney,(687)369-5548x13621,richard11@hotmail.com,Gavinstad,plan
Derrick Miller MD,975.473.9399x310,jeanettegilbert@smith-kaiser.com,Joshuafurt,political
Michelle Griffin,001-249-269-9611x537,lisarogers@maldonado-anderson.com,New Cynthia,challenge
Sheryl Lopez,744.427.6948x3505,ajames@hotmail.com,Lake Caitlinstad,want
Jessica Baker,419-562-5052,ejoyce@gmail.com,East Kristentown,sort
Alexander Mooney,(834)649-0614x377,dconley@james.com,Gloriatown,also
Vickie Johnson,001-018-160-3272x194,ddaniels@gray.com,East Keith,boy
Gwendolyn Sullivan,+1-735-155-4882x2208,margaret00@gmail.com,Ramosstad,service
James Craig,244-747-7497x7517,regina44@hotmail.com,Port Loritown,three
Brandon Hill,1508939067,richard27@gutierrez.biz,North Luis,magazine
Kevin Sanchez,+1-784-900-4960x543,christopher58@thomas-perez.com,Pattersonside,would
Beth Baker,(550)941-4884x154,uarroyo@brown-smith.com,South Williamville,challenge
Victoria Garcia,477.714.3188x666,hortonlaura@thompson.com,Garciashire,source
Emily Perez,536-526-2461x3029,mdiaz@hernandez.com,Port Hollyland,use
Logan Butler,+1-421-395-8344x2234,andersoncolton@gmail.com,Port Sean,operation
Jacqueline Guzman,(227)319-4898x535,colejames@gmail.com,Adkinschester,fire
Autumn Hart,952-640-6670,heidibenjamin@marquez.info,Port Nicholasmouth,board
Christopher Wheeler,430-980-0304x9936,joseph45@edwards.com,East Ashley,along
Tami Williams,2894388659,uschroeder@yahoo.com,Monicaborough,size
Paula Sandoval,+1-707-388-6410x282,sbarajas@long.org,Jeremymouth,defense
Chad Garcia,363.954.0048,tammy17@hotmail.com,Millerton,national
James Long,(578)007-0506,fjohnson@gmail.com,East Veronicaville,until
Miranda May,0269181516,mvillegas@deleon.biz,West Devin,throughout
Dave Young,(493)096-7738x485,mullinsvalerie@gibbs.biz,South Michael,meeting
Jason George,(730)761-7670x950,davidmiller@ponce-castillo.com,West Theresa,beat
Charles Carter,+1-531-321-4601x605,theresabenson@gmail.com,Jonesmouth,book
Jacqueline Palmer,(078)529-4854,edwardsbrad@choi.com,Port Carlostown,report
Rebecca Garza,(506)431-4629x412,cindy30@anderson-johnson.com,Stewartfort,ok
Anita Clark,001-528-174-5388x044,stephanieperry@greene.com,Aaronshire,eye
John Wolf,(371)406-8216,jennifergibson@perez.biz,Williamsborough,we
Dana Smith,071-152-9716x60456,nathanielgarcia@gmail.com,North Amyhaven,range
Christopher Berry,7461153693,gstevens@gmail.com,East Joshua,cultural
Andrea Taylor,+1-428-126-6218x226,christopher88@smith-smith.net,Halechester,onto
Aaron Montgomery,+1-001-305-0739,angela94@yahoo.com,Port Antonio,Congress
Isabella Brown,098.472.3442x19874,randallsanchez@singh.net,New Carol,enter
Nancy Mahoney,(353)963-9787x37332,daltonfox@murphy-bowman.biz,Tracyborough,notice
Vanessa Bishop,+1-375-900-5567x9771,ojohnson@simmons.org,Dennisfort,force
Jennifer Kelly,524-667-6491,larsenjenna@fisher.net,Chasestad,production
Tracey Allen,010-977-2010,erusso@sanchez.org,South Leslie,sometimes
Michael Williams,059.214.2529,uwebb@yahoo.com,Johnsonfort,college
Jacqueline Edwards,285-485-7658x0405,robert66@yahoo.com,North Samuel,drug
Kristie Miranda,999.317.4943,lisa99@yahoo.com,Georgechester,purpose
Jennifer Mills,371-012-1448x6798,shawnwilliams@hotmail.com,Lake Catherineside,start
Anna Pacheco,001-781-654-3039,xthomas@davis.com,Kevinchester,including
Robert Pearson,329-831-1707x2300,fuentesleah@yahoo.com,East Brendabury,write
Kenneth Carter,+1-144-538-6781x22115,tranapril@miller-molina.com,Lake Jesse,matter
Robert Dorsey,(947)296-6528,patriciawallace@walls.info,Dunlapshire,fly
Christine Brown,001-655-646-1758,stephanie46@gonzalez-johnson.com,Port Steven,manager
Carlos Brady,4105431553,oking@nelson.com,Codyfurt,chance
Joshua Haas,+1-460-926-1235x195,danielwatts@gmail.com,North Nathan,find
Anthony Smith,169-353-7206,brownronald@rodriguez.com,Ryanstad,face
Jennifer Pierce,+1-394-330-1662x25013,gthompson@yahoo.com,Freemanshire,media
Matthew Nguyen,+1-994-117-7999x603,meghanvalencia@smith.com,Port Melissa,almost
Deanna Crane,2288238581,jeffreymahoney@melton.com,West Stephen,building
Juan Jones,+1-467-740-1288,donnamartinez@beasley-lara.net,Port Stephanieview,court
Gregory Thomas,171-511-2467x4704,peter57@baxter.net,East Patriciastad,great
Angela Lopez,001-608-718-5345x896,kathywalker@hotmail.com,Woodsfurt,phone
Crystal Wilson,370.827.1814,brianlarson@yahoo.com,West Brett,treat
Kenneth Bush,947-754-5002x409,tgordon@kerr.biz,Stephenschester,us
Jacqueline Lucero,713-141-8173,stuartdeborah@yahoo.com,New Belinda,a
James Jenkins,(881)610-3315x971,lindsay58@marsh.org,Murrayburgh,animal
Jane Case,984.487.1238,floresholly@walter.com,Youngmouth,effect
Judy Thompson,+1-857-260-9176x1566,evansanna@yahoo.com,Barbaraberg,above
Allison Smith,073.753.3839x47137,njones@yahoo.com,Hollyview,something
Angela Jackson,529-530-1544,brendagarrett@hotmail.com,Samuelton,once
Cody Ford,707-999-2189x8937,miguelrhodes@schwartz.com,Jamesburgh,budget
Adrian Escobar,(174)854-1660x953,yreyes@yahoo.com,Stephenview,election
Lisa Golden,246-818-1864,rodriguezmichael@stevens.com,Prestonbury,dark
Karen Williams,895.071.0888x64637,arthur25@yahoo.com,South Patrickborough,ten
Jennifer Bell,980.173.3334x6966,davidjames@hotmail.com,Davidshire,somebody
Gina Cortez,+1-035-612-7522x8434,elizabethrodgers@yahoo.com,Michaelburgh,another
Shirley Lewis,606.771.5756,sandra20@yahoo.com,East Charlesburgh,policy
Michael Smith,413.865.3503,lucasdavid@lee.com,New Jeffreytown,watch
Kayla Bennett,961.444.2666x78933,michaelray@gmail.com,East Mary,before
Ryan Moore,107-503-7893x04922,hubereric@yahoo.com,Delgadoburgh,finally
Eric Porter,001-813-175-6926x68195,tcamacho@fernandez.com,Riverastad,quickly
Shelley Conner,727-334-7798x8442,paulharrison@gmail.com,Port Laurenton,likely
Mr. Dylan Miller,+1-615-688-4973x964,lori70@hotmail.com,North Casey,study
Kevin Chaney,787-944-3084,aayers@smith.net,Sanchezland,group
Christopher Harrington,(495)285-1190,summersmarilyn@hotmail.com,South Jessica,arm
Larry Ford,+1-614-066-0988x43876,ocopeland@gmail.com,Mcbrideburgh,detail
Theresa Ramsey,001-749-323-5570x3951,avazquez@king.com,Frankborough,chance
Laurie Lang,096.051.9617,richard42@hunt.com,Traceyhaven,reflect
Robert Hammond,001-519-408-7769,pereztyler@parker.biz,New Angela,push
Brian Mendoza,(070)212-5754,amora@smith.biz,West Kristina,too
Robert Phillips,565.011.3080,jenniferpowers@ingram-scott.info,West Brentbury,week
Joshua Gordon,6989010074,murphydustin@owen.biz,South Kimberlyberg,picture
Timothy Smith,001-375-598-5858x576,timothymunoz@hotmail.com,Miguelchester,catch
Janice Potts,+1-732-587-2440,glopez@hotmail.com,South Tiffany,model
Paul Moore,001-523-786-0825,brittney68@harris-ellis.biz,South Tonyfort,boy
Travis Henderson,(977)669-4759x78537,watsoncameron@benton.info,Port Regina,significant
Amanda Pham,637-707-0765,dunnscott@gmail.com,Jessicatown,American
Jeffery Powers,+1-115-010-9693,jessica00@gmail.com,East Michelle,modern
Kelly Olsen,+1-809-704-7586x664,jamie84@sanchez.com,New Lisa,visit
Matthew Simon,248.375.8104,hernandezdouglas@gmail.com,West Veronicashire,discussion
Daniel Simpson,+1-086-942-7571x1421,iarcher@gmail.com,Janetburgh,knowledge
Shannon Powell,488-261-3124,richard06@chase.com,Alexafurt,process
Keith Jimenez,6039416329,kristy52@lawson.com,New Sandraport,live
Michael Moore,808.071.0187x489,sarahhampton@castillo-weiss.info,Boylefurt,deal
Carol Lloyd,080.000.0459x94134,dsellers@yahoo.com,Lake Jennifermouth,detail
Lindsey Brown,247.903.4433x1717,scottnichols@gmail.com,North Jefferychester,bag
Michelle Ferrell,873.633.5768x094,thompsonstephanie@green.com,Port Richard,enjoy
Daniel Yang,725.977.8514x1654,diane07@schmitt-marshall.org,Wilsonmouth,everyone
Jorge Butler,001-044-674-2564x52208,stephenanderson@moore.net,Davidfurt,any
Jamie Robinson,+1-617-138-7862,kimberly80@friedman.org,East Deniseberg,college
Roy Bryant,001-815-618-2888x131,jonathan84@hernandez-smith.info,Marcusstad,me
Philip Edwards,001-640-129-7536x225,cookmichael@boyd-griffin.com,Katherineborough,type
Mrs. Margaret Davis,+1-124-416-3557,williamsleslie@yahoo.com,Toddborough,spring
Andrew Pennington,(117)109-0890,javierwatson@yahoo.com,Lake Herbert,lot
Richard Moore,(691)154-3493x4362,melaniemay@wright.com,Lake Kristenhaven,pattern
Mrs. Elizabeth Jefferson DDS,610.635.2528,robert49@yahoo.com,Turnermouth,author
Holly Tucker,0072564957,kmiller@yahoo.com,Jimenezville,room
Barbara Anderson,+1-522-406-0657x85071,brentadams@watson.com,Jamesberg,simple
William Lloyd,(119)443-3297,autumnsanchez@yahoo.com,North Normanland,room
Austin Hardin,356-075-7398x57464,torresheidi@gmail.com,Smithland,laugh
Bobby Hawkins,+1-475-577-1604,sullivanlogan@walters.org,Williamchester,land
Patricia Powers,783-609-1866,brichardson@rasmussen.com,Simsport,bar
Manuel White,+1-469-091-9101,campbellrobert@garrett-quinn.com,North Spencer,require
Luke Richards,129-717-6840x65479,james55@gmail.com,Lake Christopher,choice
Larry Fitzpatrick,+1-066-917-4816x7253,craig72@ramos.info,Peggyhaven,our
Roy Nelson,9729841401,jcrawford@mcdaniel.org,New Luisland,late
Lisa Wu,(865)241-1773,umiller@yahoo.com,North Brandonmouth,may
Sara Quinn,(325)985-7667,jason14@hotmail.com,Rebekahfort,traditional
Nancy Perez,8899217310,lawrencecooper@wright.com,Richardside,guy
Eddie Wilson,052.708.7617,peter45@gmail.com,Port Donna,discussion
Kristina Palmer,424.949.0366,michellewoodard@miller-miller.com,Geraldburgh,cost
Wesley Snyder,(144)659-5411x63797,xdavis@hotmail.com,East Dorothy,student
Tracey Jones,(792)066-9002x16707,jordanalexandra@gmail.com,Port David,something
Jean Barnes,654-678-4872x83025,april11@yahoo.com,East Kimburgh,knowledge
Amber Brooks,101.793.8855x7278,michael96@hotmail.com,East Gregory,thing
Shannon Moon,001-199-942-4680,willismarissa@roach.com,West Frank,actually
Carol Schmidt,0156502587,kwilkerson@gmail.com,Codystad,goal
Richard Nelson,(444)263-1248x553,scottanderson@gmail.com,Jeffreyport,write
Diana Ayers,0933474194,moorejane@yahoo.com,Taylorland,huge
Rachel Yang,+1-460-384-6322x28224,jeffery40@martin-newton.com,Port Vernonstad,explain
Karen Todd,415-510-9739x2049,tjones@gmail.com,Port Michaelberg,difficult
Dennis Andrews,1959405550,melissawarner@hotmail.com,Thompsonchester,allow
Tamara White,059-433-7372x9625,annhampton@ewing.com,Nicholeshire,nearly
James Lowe,(300)632-6419,agonzalez@gallegos.net,Christopherland,water
Todd Dean,5958947610,bryandavis@hotmail.com,North Marcusland,fish
Matthew Flores,+1-538-346-9779x543,daniellelopez@solis-rogers.com,Christopherhaven,ball
Mrs. Yesenia Thomas,(248)847-6660x279,carllloyd@johnson-maynard.org,Lake Johnland,trial
Pamela White,574.340.7442x29233,zlopez@gmail.com,New Kimberly,conference
Courtney Ochoa,+1-741-618-7275x2556,ivandaniel@hotmail.com,Micheleshire,accept
Raymond Newman,1346417962,marthamiller@williams.org,Port Brian,fill
Andrew Ramirez,001-366-029-8322x9076,emunoz@mills.com,Robertsstad,idea
James Jenkins,(779)218-9156x620,hcalhoun@hotmail.com,East Anthonyfort,land
Michelle Shaw,+1-334-699-7795x484,michael51@harris.com,Port Andrew,until
Regina Diaz,184.966.3141x011,ericgarza@pearson.net,Michelleland,gas
Anita Buckley,651-760-4656,angela59@foley.biz,Lake Brittany,director
John Rodriguez,+1-945-986-8753x167,ystevens@kim-martinez.com,Port Michaelchester,my
Paula Christensen,+1-225-911-2125x6878,andrewwillis@gregory.org,Lake Margaret,avoid
Jonathan Golden,856-021-1090x102,olewis@sharp.com,Bentonland,central
Larry Owens,733-072-6869x45522,rachelflores@gonzalez.com,Mileshaven,part
Alyssa Ortiz,(787)141-7127,elliottchristian@huber.net,Scottchester,pass
Heather Morrow,5810267222,jessicahenderson@gmail.com,Stevenfurt,rule
Lauren Hernandez,+1-399-389-7533x829,brownjessica@moore.net,Melindaton,professional
Gina Lee PhD,786.891.4559x759,michael92@smith.com,Hectormouth,large
Kristopher Johnson,(796)687-6510x57602,wigginsjose@gmail.com,East Mikemouth,to
Gene Patterson,989-062-7974,michaelhamilton@bradshaw.info,Robertstad,forget
Michael Garrison Jr.,4531103551,bbutler@hotmail.com,South John,suggest
Brenda White,(836)027-1298,jessicastewart@gmail.com,Lake Brian,simple
Jennifer Patel,(650)633-3661,qescobar@bean.com,New Xavierville,artist
Stacey King,6912296187,justin27@murphy-manning.info,West Terrifurt,child
Steven Choi,523-349-4988x06255,jacquelinesalas@gmail.com,Mistyberg,report
Joseph Vance,001-704-101-0847x141,jwood@tran.com,Port Christopher,entire
Angela Carey,+1-813-483-3557,scottanthony@gmail.com,South Danielle,miss
David Lloyd,001-651-763-7854x0856,andersongregory@hotmail.com,Lake Johnton,concern
Christine Mccarthy,(886)712-2066x015,umack@hotmail.com,Jenniferborough,send
Wesley Smith,240-762-0464,diana71@bullock.com,Howardland,fire
Monica Vazquez,8510356071,dianewood@yahoo.com,Lake Barrymouth,woman
Kristen Burton,001-921-655-6774x731,andrew31@santiago.org,East Alicia,really
Jessica Mclaughlin,001-697-158-3203x323,xmejia@hotmail.com,North Lisa,that
Jason Keith,+1-420-885-1903,scottnicole@hotmail.com,Emilymouth,financial
Denise Lee,(332)846-8204x8642,phillipslaura@wallace.com,Johnsonshire,customer
Jeremy Fisher,001-027-575-5002,caleb72@fox-coleman.com,Elizabethmouth,military
Tyler Walker Jr.,(637)105-3325,schaefercasey@hotmail.com,Charlesbury,reality
Shannon Jackson,001-906-714-7861x0326,christophercarter@yahoo.com,Alexiston,even
Robert Malone,3497034935,harrisgeoffrey@hotmail.com,North Michelle,natural
Joshua Ferguson,194-610-7077x8069,christophermccormick@gardner.com,Rebeccafort,federal
Susan Cardenas,350.167.8717,qhinton@ramos.com,Port Jamesfurt,yet
Lucas Sparks,001-796-418-2050x73076,danielle67@gmail.com,Wilsonhaven,score
Jessica Neal,069-856-5163x5462,nicholas69@yahoo.com,New Charles,understand
Sarah Ibarra,+1-821-037-7829,danielsrobert@hart-ruiz.com,Wallaceborough,check
Ryan Lopez,670-676-8856,baxterjustin@hotmail.com,North Timothymouth,table
Daniel Ortiz,402.497.4315x97760,larsonelizabeth@gmail.com,Hannaville,born
Martha Oliver,925.206.0993x420,robertlopez@hotmail.com,North Jaymouth,manager
Jeremy Schwartz,(918)601-3020x08569,ofarley@burns.com,Port Donnaview,while
Melissa Ashley,+1-135-762-2143x6990,ymoore@gray-scott.com,New Robert,data
Jimmy Allen,001-937-687-1429x49923,ewelch@gmail.com,Port Davidhaven,care
David Smith,7266669462,rachel29@webb.net,Port Thomasbury,its
Jared Reeves,(561)708-9684x6032,nreilly@hotmail.com,New Shannonfurt,power
Jill Brooks,(126)697-2532,tyler02@johnson-mccoy.com,East Michael,measure
Mark Landry,699-136-7499,ljenkins@gmail.com,Kathrynville,detail
Theresa Brown,4890303901,kristenvelez@yahoo.com,Davidville,full
Stephanie Medina,(733)566-4785,kelseycosta@smith.biz,Jacobsonburgh,mission
Nathaniel Patton,010.144.6208,scottlee@fleming.com,Michaeltown,break
Mary Jackson,095.547.7191x4925,hernandezbeth@yahoo.com,Wardside,away
Regina Dudley,624.142.6119,higginsbobby@stafford.com,East Jacobmouth,across
Sandra Garcia,688-709-5134x63737,zrodriguez@gmail.com,South Deniseburgh,everyone
Tina Morales,+1-389-093-2897x09126,kingcourtney@hotmail.com,Lopezport,pattern
Christopher Costa,+1-029-950-6316x3030,robinmartinez@yahoo.com,New Caroline,here
Pamela Romero,001-021-447-8517x0896,brooke87@gmail.com,South Jenniferton,growth
Mariah May,895-599-1228x7416,jason76@spencer.org,East Danielbury,fast
Alexa Krause DVM,250-978-5422x07996,jcraig@gmail.com,West Angela,provide
Kevin Olson,433.767.0297,jsantos@stafford.info,North Bradley,these
Sara Reynolds,+1-640-264-9925,hubbardbilly@wood.com,New Shaneton,stock
Corey Odonnell,(292)147-5775,owenrobert@freeman.biz,Brittanyburgh,quality
Jeffrey Collins,302-664-0967x430,julianlopez@gmail.com,Stephanieburgh,wide
Phillip Brown,+1-316-116-1220x08727,charles87@yahoo.com,Faithland,pay
Carrie Mills,(589)992-5176x8859,mendezjames@hotmail.com,South Catherineview,style
Thomas Contreras,(696)979-5487x83601,antonio37@jackson.com,Ivanside,professional
James Rodriguez,(969)207-3714x5721,kblackwell@williams.com,New Steven,best
Ryan Farmer,(677)071-9608,hgarcia@krueger.com,Markton,effort
Stephanie Washington,(693)095-9684x172,alexanderperez@stokes-berger.info,Kingburgh,family
Karen Ross,001-492-812-5047x64825,rodriguezbrenda@hotmail.com,Marthaton,baby
Veronica Ramirez,684.634.3112x62135,timothyjackson@nelson.com,Alexanderland,size
Melvin Torres,1602026856,heather05@hotmail.com,North Lisa,allow
Sierra Chambers,+1-799-878-8996x9195,osmith@yahoo.com,North Kendraland,reveal
Lucas Carney,060-766-7887x2558,fmassey@hotmail.com,South Aliciaborough,with
Anne Wolfe,026.104.2132,leeerik@jones.com,Carrfort,large
Sabrina Villa,+1-994-361-3778x661,aweiss@patton.com,West David,task
Vicki Mendoza,(449)592-0512x11023,dmoran@yahoo.com,Port Ericview,land
Norman Taylor,173-344-0850x23960,pporter@yahoo.com,Sandystad,seven
Jenna Knight,457.678.6717x3216,phillipsmichael@hotmail.com,Craighaven,safe
Shelby Moore,+1-576-269-5771,eric62@soto.com,North John,case
Miguel Jones,518.274.0646x9936,joshuamedina@gmail.com,East Candace,similar
Peter Thompson,+1-861-814-5688x3667,wilsonbenjamin@hotmail.com,Torresmouth,relationship
Ruth Smith,001-762-861-1166x475,andrewsdavid@yahoo.com,South Brittany,positive
Robert Tran,166.828.6823x034,browndakota@gmail.com,Lucasbury,fall
Gary Hancock,861.187.1177,wgordon@yahoo.com,West Davidport,with
Patrick Hernandez,(965)038-9766x886,taylorjohn@brooks.biz,South Dalton,phone
Gregory Jackson,3192819879,aprilcarson@clark.com,Farmerview,exist
Tyler Ortega,011.625.5053,ehaney@williams-burton.com,East Jeffrey,growth
James Montgomery,001-697-297-5594,gregorythomas@hotmail.com,Wattsside,consider
Mario Cherry,(434)611-4905,randyhansen@bowen.com,Port Richard,rule
Sandra Medina,394.003.5205x75300,bwatts@hotmail.com,Port Saraton,suddenly
Kaitlyn King,(039)470-7056,ymyers@riley-robinson.net,Millerfurt,be
Madison Valdez,(833)979-6008,calebherrera@hotmail.com,Kellyshire,artist
Jesse Wilson,001-167-434-2799x61095,moorejames@gmail.com,South Bryanbury,policy
Darryl Lindsey,2546033243,harperjessica@gmail.com,South Timothyburgh,five
Faith Williams,076.419.2096x6705,kcharles@graves-shelton.com,Salazarview,billion
Joshua Thomas,133-147-0776x39661,vsimmons@hotmail.com,Greenmouth,catch
Daisy Browning,(906)570-3233,jbaker@murray-rodriguez.org,Port Gilbert,draw
Brandi Weaver,996.875.3485,adam62@gmail.com,Vazquezfort,ten
Jonathon Jackson,001-391-545-5369,lholt@harvey.com,Jeffreyberg,maybe
Colin Alexander,209.456.6713x16241,melissa47@yahoo.com,West Randyborough,value
Jason Joseph,547.192.3711,bonnieedwards@hotmail.com,Wilsonport,who
Ian Smith,001-890-822-9729x94624,anthonylucas@hotmail.com,Kellyshire,land
Linda Maldonado,(366)969-1397,harrisnatalie@hotmail.com,New Nicolemouth,protect
Carrie Salazar,121-868-0339,belindaparker@rodriguez.com,Snyderhaven,bill
Shannon Martinez,770-613-9113x8129,clewis@yahoo.com,Port Amandaborough,should
Mary Harris,482.459.6426,perrygrace@warner.com,Davidborough,anyone
Tricia Johnson,163-141-5024,bob40@whitaker.net,East Amy,middle
Kim Torres,6764003167,jwilliams@gmail.com,Tammystad,morning
Lauren Prince,619.916.4839x2321,jennifermoreno@hickman.org,Port Aprilport,social
Patrick Shaffer,363-287-5372,debraburch@garcia.com,West Dustin,traditional
Charles Sims,+1-294-377-8537x858,jason59@gmail.com,North Larry,way
Gary Hampton,207-019-4044,fwood@garcia-elliott.biz,North Julia,son
Melanie Hines,(536)944-4551x8124,thomaslisa@gmail.com,New Jason,attack
Seth Lee,701.966.4007x4471,jacqueline57@miller.net,Port Gregory,sell
Holly Jackson,078-903-8049x372,johnsnatasha@logan.com,New Lisa,best
Stephanie Fowler,+1-217-171-9227x905,jamesmiller@beck.com,West Ethan,training
Rachael Mccarthy,(541)414-3073x053,troy94@campos-valdez.biz,South Teresa,audience
Tony Gonzalez,180.626.7726x3408,oscarjohnson@crawford.info,Carlsonmouth,pull
Cynthia Jennings,001-459-907-6143x570,imiller@hotmail.com,East Jesseland,hotel
Michael Page,(246)006-1755,marcus32@hill.org,Bensontown,increase
Jamie Velazquez,041.965.6853,johnsonstephanie@hotmail.com,Lake Julianhaven,must
Jasmine Coleman,001-225-730-7327,leslie36@gmail.com,Lake Kristenview,or
Patricia Harris,001-936-276-3324x4279,lauriezamora@ramsey.org,Cindyberg,through
David Mcmillan,(851)318-8349,teresa49@yahoo.com,New Matthewport,commercial
Mark Myers,982-670-9909x6068,nthomas@grant-fields.com,Port Peter,factor
Robert Lopez,236.955.2238x7329,ghansen@gmail.com,Schaeferchester,involve
Roger Arnold,472.144.9346x3652,uho@hotmail.com,Christopherview,feel
Frank Martinez,001-598-691-1991x9456,pattonjudy@gmail.com,Hatfieldside,race
Richard Clark,+1-037-071-4104,zacharychan@yahoo.com,Lake Allisonville,race
Alexandra Peck,001-946-817-6386,leeluis@johnson.com,Marcton,send
Daniel James,592.097.4177x44467,meganreed@dawson-tran.com,Lake Patricia,wind
Dorothy Phillips,886.622.3851,raymondweiss@mcintosh.org,Warrenview,central
Jennifer Ward,864-531-8266,esmith@gmail.com,Port Joel,ground
Robert Brown,001-058-979-2289,rachelrodriguez@lopez-west.com,East Jamieburgh,painting
Benjamin Harding,592.047.1710x094,leahsimmons@mejia.info,North Virginiaside,buy
Joseph Murphy,+1-497-991-7164x033,mirandatrujillo@yahoo.com,Wilkinsonport,happy
Jacob Sosa,+1-278-900-9336x1970,eric33@haynes-davis.info,Kimberlyberg,would
Melody Clark,001-688-414-3576x77749,tamara63@hotmail.com,South Marisafort,system
David Jackson,716.087.0004x53622,vincent40@gmail.com,Lewisland,form
Joshua Lozano,001-191-241-3970,kristenwade@yahoo.com,East Samuelview,company
Derek Griffin,001-040-551-1572x526,david93@thomas-galvan.com,Michelleport,structure
Hannah Fischer,001-814-762-8990x96598,christopher38@gmail.com,Savannahburgh,main
Matthew Stanton,(333)954-6663,murphybrooke@yahoo.com,East Joshuastad,food
Michael Smith,672-961-8649x3194,qgraham@brown.info,Lake Curtishaven,century
Bryan Martin,001-465-669-4938x6080,othomas@hotmail.com,North Laura,painting
Tiffany George,+1-026-556-1818x2815,mary69@carroll.com,East Joseph,shake
Joanna Glenn,1806307018,logan92@hotmail.com,Karenland,factor
William Brown,+1-308-556-2420x65254,ashleyadams@yahoo.com,Bakerborough,garden
Barbara Meza,(514)791-3344,rwall@yahoo.com,West Heather,my
Scott Robertson,(081)720-3747x7366,smithtroy@hotmail.com,Vanessamouth,wait
Jaclyn Moss,(224)945-4637,rebecca25@roberts.com,Stephaniestad,thought
Olivia Gibson,001-484-144-0021,kevin47@gmail.com,Port Raymondchester,everything
Carla Silva,470.792.0423x06542,thomas27@gonzalez.com,Rollinsburgh,so
Rachel Boyer,+1-631-637-7921x675,luispage@schwartz.com,North Gregorybury,realize
Jacqueline Scott,+1-804-948-4158x175,monroeveronica@williams.com,New William,measure
Troy Davis,001-224-250-4228,williamlopez@thompson-williams.com,New Dawnville,probably
James Pierce,(168)268-1619x5321,catherinegutierrez@marsh.com,Torresborough,above
Mike Nguyen,(105)219-0293,hillfrancisco@hart.com,New Victoriaview,style
Melissa Castillo,(665)320-1049x4242,stevensonamber@butler.com,Joseport,research
Karen Shaw,928-919-7707x554,alexaherrera@wolf.com,West Amy,moment
Sheryl Edwards,329-058-2875,robert30@blackwell-cochran.biz,Bradystad,most
Natalie Garrett,001-998-789-4927x796,bjohnson@williams-robertson.com,Williamton,important
Samuel Vazquez,793-660-2344,michellebarton@hotmail.com,Lake Donnachester,act
Mrs. Victoria Myers,(791)518-1226x86199,thomas46@harper.biz,North Eric,management
Brandi Perry,436.050.3564x7064,william04@yahoo.com,East Jose,economy
Kerry Martin,(541)191-6135x9575,mitchellreginald@ford.com,West Robertfurt,four
Colton Mitchell MD,001-637-605-0471x87411,flynn@gmail.com,West Christopher,pretty
Ashley Collins,2846269767,gonzalespaul@gmail.com,Vincentview,order
Anthony Collins,4194636112,amanda13@mccormick.com,Madisonburgh,lead
Haley Conley,(130)886-6877,paula94@murillo.com,Robertchester,loss
Donald Walker,(932)010-0392x666,graychase@gmail.com,Lake Dominic,message
Edward Harris,088-254-3521,ginalong@hotmail.com,South Davidborough,site
Alexander Henry,963.480.7122x8764,mariadoyle@hotmail.com,Frederickmouth,week
Daniel Hamilton,778.468.1457,valeriemiller@gmail.com,East Virginiamouth,wait
Angela Golden,097.121.4801,hollowaylinda@yahoo.com,Cummingsshire,new
Justin Gonzales,+1-660-214-3465x743,zachary73@allen.biz,Wilsonstad,full
Richard Nelson,075-468-9264,christopherrodriguez@rodriguez-mcclure.info,Vanessaside,usually
Nicole Williams,827.867.2971x817,qrivers@hotmail.com,New Billyland,here
Joseph Harris,617.897.5351x61891,rwilson@howard.info,New Amberbury,similar
Ashley Morales,137-133-0576,kathryn77@ward.info,Markhaven,woman
John Hernandez,213.246.6585x247,nrichardson@gmail.com,Perezport,at
Billy Roth,+1-574-745-4464x53844,ashley14@wilson.net,Loganton,tend
Michael Brewer,015.897.8827x95392,vmurphy@wolf.com,South Tiffanyville,time
Randall Murray,966.343.4763,mary69@hotmail.com,Amandaport,only
Stephen Mckinney,+1-115-145-2779,lperez@yahoo.com,Derrickville,best
Felicia Sims,820-084-7315x0927,leah28@gmail.com,Rossshire,week
Thomas Roberts,001-677-370-1299x71456,xflores@gmail.com,North James,will
David Russell,544.341.4545x30890,hscott@gmail.com,Lake Dwayne,anyone
Nicole Harmon,447-293-7582,heathercole@yahoo.com,West Brian,land
Kyle Ellis,001-203-902-5488x284,jacksonpatty@mcbride.org,South Stephen,administration
Sergio Morales,828.577.4751,mcculloughjohn@hernandez.info,Wellsfort,Mr
Jason Kim,001-735-678-8066x145,michaelproctor@smith.org,Jeffersontown,share
Keith Lara,(628)555-3195,michael31@gmail.com,Kennethville,structure
Sara Rivera,169.787.9048,ycruz@gmail.com,Pamelaport,his
Thomas Williams,(036)345-3217x01466,bridgesjoshua@yahoo.com,Lake Christophertown,car
Mark Parsons,001-038-177-3662x0185,devinross@stewart.biz,North Andreaside,fast
Jennifer Kemp,+1-498-129-9189x6320,vfox@hotmail.com,Powellberg,door
Kathryn Hernandez,001-164-312-5229x52805,kwilliams@huerta-webb.com,Timothyton,describe
Kimberly Hart,148.088.1248x805,uware@curtis.com,Hessbury,expect
Daniel Reynolds,+1-606-829-9639x75651,hporter@george.com,North Bradyview,citizen
Roy Adams,(441)064-8112,greenpriscilla@hotmail.com,Justinhaven,argue
Bobby Blake,001-482-565-3592x27833,margarethoward@rocha.com,Chungburgh,share
Jennifer Smith,(833)889-6597,nancywalker@adams.com,Port Bradley,attorney
Stephanie Turner,+1-640-304-1347,randychambers@weiss.info,Lisaland,measure
Mario Coleman,+1-549-225-6870,melissapatel@williams.com,Millerbury,remember
Matthew Espinoza,001-851-618-8846x26545,matthew74@lara.info,West Richard,late
Donna Hernandez,873.352.0950x028,timothygilbert@anderson.info,South Kristina,item
Amanda Tapia,+1-727-263-6044x101,russelljames@mejia.com,Port Andrewport,bit
Stephanie Thompson,+1-180-035-8987x10233,sroberson@camacho.com,East Ashleymouth,American
Louis Miller,889.945.9813,christina83@hull.com,West Elizabeth,good
Katherine Holland,001-049-360-9462x2768,robert08@yahoo.com,South Stephanie,test
Jennifer Smith,239.118.1178x730,salazarseth@henry.com,West Stacyview,film
Tracy Freeman PhD,+1-198-833-5076,christopher34@gmail.com,West Emmastad,fund
Victor Clay,001-455-833-9706x93305,robert27@hotmail.com,Port Davidtown,eye
Audrey Foster,836.338.0580x0989,jmosley@fowler-wolfe.com,Donnaborough,determine
Nancy Grimes,001-025-683-6037x09578,kaylamoses@hayes.net,Port Laura,week
Joy Gonzalez,490-853-5211x88637,gutierrezanthony@hotmail.com,Holmesfurt,young
Paige Glenn,+1-712-054-7601,pmartin@gmail.com,North Angela,right
Chris Johnson,001-415-067-0700,copelandjason@hotmail.com,East Dennis,above
Christopher Olson,764-351-7665,hoffmanjulie@charles.com,New Caitlin,heavy
Robert White,610.985.8332,pcharles@yahoo.com,Keithburgh,science
Mary Everett,+1-864-393-1835x6833,smithmichael@hotmail.com,East Juanside,anyone
Brandy Rivera,001-268-549-3602,jessica09@oconnor.net,South William,though
Paul Jones,(181)144-3322,richard93@hotmail.com,New Lauren,peace
Denise Webb,828-939-4987x73916,ronald08@smith.org,Michaelfurt,job
Jacqueline Torres,(371)634-2016,briantorres@phelps-rodriguez.org,New Toddborough,through
Erik Hatfield,685-103-3922x104,gordon43@rogers.biz,North Dale,suffer
Frank Saunders,+1-412-665-3551x79123,toddmiller@fisher.biz,South Jeffreymouth,enough
Jennifer Garrett,+1-469-931-1919x0083,tthomas@hotmail.com,New Ericafort,direction
Kelli Smith,001-766-713-0613x6083,calebpollard@martinez.org,Gabrielleberg,foreign
John Kelley,(837)390-4935x69820,michaelamber@harvey.com,Meganville,perhaps
Ronald Powell,902.360.6345x368,jennifermadden@martinez.com,Ortizborough,enough
Randy Williams,654.174.3801x0657,klove@molina.com,Castanedaview,generation
Nicolas Green,196-575-9964x3526,diamond72@taylor.org,Lake Nancy,stay
Brenda Baker,001-634-552-4472x46076,karen62@yahoo.com,North Thomas,stage
Rodney Abbott,322.193.8197,collinsjonathan@butler-anthony.com,Moralesport,ten
Danielle Meyer,(842)777-3242,anthony87@elliott.org,North Karen,reflect
Carrie Rodriguez,+1-255-269-2430x05046,hayeskatherine@nelson.com,Port Ricardo,character
Joseph Pratt,+1-319-973-2959x5810,shawngarrett@gutierrez.com,South Jasontown,present
Teresa Gonzalez,308-687-1599x727,joshuaroy@medina.info,West Jasmine,resource
Samantha Lewis,989.556.8018x02492,ymatthews@hotmail.com,East Royside,sort
Charles Mcpherson,(000)908-9081,sanchezeric@yahoo.com,New Robert,list
Tiffany Price,+1-125-547-6444,ayalajustin@yahoo.com,Richardtown,few
Leslie Ryan,929.253.1728,kingdennis@yahoo.com,Maciasbury,individual
Shawn Gonzales,936-248-4579,jennifer91@higgins.com,West Michael,particular
Nicholas Wilson,(081)394-6451,danielfrost@yahoo.com,Olsenfurt,her
Jacob Kim,001-145-557-9979,hendersonshawn@gmail.com,Lake Amanda,doctor
Andrea Johnson,048-626-9466x413,jjackson@barnes.net,Lake James,with
Kristy Cunningham MD,017.620.3255x8724,gmora@reeves.com,Lake Deborahport,some
Dennis Johnson,331-413-3440x18958,laura30@gmail.com,New Allison,me
Carmen Jones,206-494-2106x29148,brendalamb@richardson-allen.org,Wareside,security
Timothy Mcmahon,001-749-952-4449,robert42@boyle.org,Lake Alyssaland,he
Mary Hutchinson,001-753-231-7991x353,lisajohnson@yahoo.com,New Jeremytown,picture
Logan Garcia,904-318-5181x4413,cordovamichael@gross.info,South Kenneth,behavior
Jennifer Phillips,1087713247,sullivanmiguel@hotmail.com,Scottstad,measure
Cheryl Singleton,(462)359-1302,rachelhill@gmail.com,Edwardburgh,national
Jeffrey Wolf,001-562-164-7714,hillmark@gmail.com,Crystalville,seven
Anthony Diaz,(647)572-6100,astewart@gmail.com,New Danaport,participant
Joseph Cook,188-443-0394x5533,silvawilliam@gmail.com,Hillfurt,Democrat
Maurice Powell,480.233.3205,hdaugherty@frank.com,Charlesmouth,world
Jennifer Ortiz,+1-689-142-7944x16540,browncarlos@hotmail.com,North Stephen,bed
Christopher Hampton,+1-974-981-8087x6584,hblanchard@gmail.com,Greenmouth,high
Nancy Adams DDS,529-576-8879x944,zkeller@simmons.com,Port Carolberg,remember
Calvin Brown,(558)925-3090x5986,gabrielle36@murphy-price.net,South Anthonyberg,drive
Jennifer Hernandez,001-733-351-1851x384,patriciaferguson@yahoo.com,Smithhaven,human
Felicia Hicks,+1-733-484-6260,vcervantes@baker-carrillo.info,Josephtown,themselves
Tiffany Reese,258.889.5004x5767,marshallbrian@gmail.com,Leroybury,shake
Mr. Juan Randall,476-483-4951x134,eric13@sanders.biz,Michaelmouth,something
Shelby Jones,+1-702-839-3151,donnagarcia@yahoo.com,North Ryanhaven,statement
William Baker,520.031.2830x593,terrance35@yahoo.com,West Megan,herself
Ryan Singh,285-485-9522,tayloralexander@harris.com,Lake George,hair
Paul Garner,001-384-107-1053x9101,weissjeremy@wells.org,Lake Justin,amount
Amy Bowman,566.826.5654,andrewbartlett@rose.com,Nelsonmouth,near
Mark Martin,(575)619-2069,ramireztimothy@morgan.com,East Anthonyfurt,enter
Kenneth Gibbs,165-145-8569x32955,tonyaflores@weaver.com,Brookstown,someone
Katherine Williams,(881)306-0259x1553,caitlin66@gmail.com,Walkerton,civil
Robert Bell,600.054.9483x671,josephsanders@white-jacobs.com,West Zacharytown,build
Taylor White,654-885-8900,jsteele@hotmail.com,Whitebury,city
Matthew Hansen,001-462-088-3118x8769,sean22@perez-allison.com,South Stephanie,election
Joseph Blevins,+1-735-199-4851x44732,jennifer44@yahoo.com,Jerryfurt,teach
Tina Kennedy,396-596-4520,frederick18@bauer.biz,West Kathyfurt,wait
Susan Moore,038.496.0854x571,hillalexa@yahoo.com,Jeffreyberg,media
Daniel Pena,(910)891-8118,harmonjessica@hotmail.com,Lake Linda,travel
Antonio Harris,001-931-065-6837x877,varnold@flynn.biz,New Karenport,strategy
Toni Brown,9325074981,april64@wood-hansen.net,East Matthewside,anyone
Casey Thompson,(179)654-9967,alexismiller@hotmail.com,Port Vanessa,place
James Anderson,166-864-4311x740,malloryreyes@brewer.com,West Michael,work
Jacob Williams,+1-182-052-5509x21463,patrick71@gardner.com,East Lisaborough,find
Donald Mason,822.716.3342x4835,hensleymelissa@hotmail.com,Lovestad,natural
Jeremy Brooks,001-039-012-7515x836,jenniferevans@wood-moore.com,Mooreburgh,college
Donald Green,(089)503-4573,colleenmiller@mitchell.com,Jasonview,management
William Vega,+1-878-349-2902,cgoodman@quinn-phillips.com,Port Williammouth,tonight
Nathan Hunt,001-985-037-8877x051,opatel@steele-harding.com,Port Lisaburgh,student
Larry Harris,380-883-6557,jenniferpeterson@vega.biz,Scotthaven,loss
Jessica Martin,203.221.2511x308,figueroascott@johnson.biz,Hendersonfort,compare
Debra Smith,+1-924-925-5576x417,judith45@hotmail.com,Port Johnfurt,whom
Tyrone Wilson,901.676.6895x328,edwardsmith@clark.com,West Andrew,according
Christine Christian,001-533-831-8260x5641,amber68@hotmail.com,Clarkshire,although
Melissa Newman,307.383.7133x8837,edwardsamanda@palmer.com,East Jasonchester,remain
Juan Hutchinson,(980)947-5497x79838,nhughes@hernandez-mann.biz,Mathischester,possible
Brian Williams,(840)741-7131x325,morrisonemily@lester-lee.biz,South Elizabethtown,garden
Collin Martinez,886.574.8999,steven63@coleman-allen.com,Markmouth,action
Dr. Robert Brown PhD,001-390-439-0160x09701,andrewmoreno@hotmail.com,Lake Jasonborough,table
Edward Thompson,+1-208-470-1796,loganjay@baker-barrett.biz,Lauramouth,contain
Kayla Shannon,(719)656-1852x9208,williamsnicole@harrison.biz,North Robertchester,indeed
Benjamin Ruiz IV,361-254-1294,drandolph@gmail.com,South Selena,boy
Megan Allen,718-885-2097,dawnbrown@yahoo.com,New Robert,describe
Barry Hamilton,001-446-042-1815x37577,christinalittle@murphy.com,Alvinburgh,wall
Brenda Chavez PhD,(736)607-4701x43741,delacruzmichael@hotmail.com,Mitchellhaven,computer
Sandra Cooper,8554597418,ejohnson@yahoo.com,Nelsonfort,blue
Stacey Harvey,953.406.9527x47861,casey14@hotmail.com,North Marcus,test
David Oneill,746-444-4977x539,pennyhendrix@miller.com,Lake Adrian,none
Todd Kelley,766-542-8289x081,justin34@gmail.com,East Melissa,ok
Robert Meyer Jr.,708-263-2839x62074,gconner@yahoo.com,Ricestad,cause
Alexander Calderon,027-367-9395x127,andreacastillo@gomez.com,West Mitchell,whether
Gina Williams,001-869-791-9042x19721,andersonjennifer@taylor.com,Kimberlyfurt,difference
Candice Dalton,005-212-4040x8026,tbutler@howe.com,Shafferfort,investment
Robin Spencer,(458)656-6182,beth52@hotmail.com,Nancymouth,deal
Willie Miller,001-762-446-0683x450,mwoods@goodman-gomez.org,Danielsland,both
Michael Robertson,433.374.3592x107,pstewart@vazquez-hanson.com,North Stevenfurt,piece
Robert Rollins,646.835.0237,jjohnson@hotmail.com,Melissachester,black
Ronald Delacruz,001-224-784-6381x43351,amy69@gmail.com,West Benjamin,door
Jay Miller,153.642.1984x46196,ann30@gmail.com,East Wyattstad,degree
Rebecca Decker,921-790-4475x37702,timothy78@gmail.com,Flemingborough,across
April Thompson,(608)720-0865x3734,emartinez@hotmail.com,Trevormouth,choose
Cynthia Rivas,001-995-954-9489x64430,mariagriffin@hodge.org,West Christine,move
Mrs. Elizabeth Sanchez,+1-098-058-7263x808,caindanielle@yahoo.com,Nataliebury,person
Joshua Martinez,499.275.5608,cnorton@yahoo.com,Silvafort,artist
Danielle Hernandez,(708)760-0566,rjohnson@gmail.com,Patrickbury,smile
Penny Bradley,+1-811-140-8494x99227,cynthialittle@yahoo.com,North Davidfort,commercial
Robert Reynolds,688.787.5330x3635,ingramsamuel@yahoo.com,Mcdonaldhaven,scientist
Cory Snyder,001-877-176-4187x6775,xgordon@moore-dougherty.biz,West Rodney,property
Lauren Bullock,891-204-9484x5147,alexandrakeller@yahoo.com,Port Laura,enough
Catherine Wright,654-920-8195,jasminelewis@gmail.com,East Jamesville,move
Anthony Miles,819-977-8355,whitneyalyssa@hill.info,Jordanton,however
Dylan Bennett,001-793-303-7822x50737,griffinkatherine@gallagher-guerra.net,Jasonland,season
Gregory Rose,001-819-273-5438,jamesmitchell@cox.com,Carterfort,anything
James Payne,679-359-9463x24986,whitneymcmahon@wheeler.com,Marcusfort,people
Tanya Mckay,(672)636-8189,whughes@gmail.com,Lake Lindseymouth,condition
Tamara Poole,+1-613-588-8672,robertwiley@james.com,Johnmouth,sound
April Sawyer,997.294.4037,lstone@gmail.com,Lake Kerry,head
Dustin Patterson,3550357701,ashley58@gmail.com,South Michaelland,life
Cynthia Hanna,001-997-779-4683x59659,howellalbert@cruz.com,Evanmouth,us
Caitlin Graham,(274)495-2419x29787,joshua83@gmail.com,Davidton,war
Monique Knight,925.818.9648,phenry@gmail.com,East Chris,tree
Derek Wilkerson,+1-146-138-0030x76275,ylove@yahoo.com,South Christinamouth,ago
Sarah Parker,(197)770-1878x191,brianfisher@scott-weber.com,New Caitlin,fund
Ryan Hamilton,6498517758,charlespowell@hotmail.com,Lake Kimberly,bring
Heather Garcia,001-684-665-2588,james18@jones-perez.com,Markton,pay
Charlotte Harris,(324)370-4152x879,aaron40@yahoo.com,Lake Robertville,right
Brooke Brown,+1-443-023-8773x53121,christophermoore@walker.com,Brittanyfort,research
Cynthia Thomas,495.745.0415x57174,garciaann@gmail.com,Michaelton,become
William James,+1-822-008-3740x201,mmoss@gmail.com,Cameronchester,recently
Scott Carter,935.418.4682x650,michelle60@erickson.org,Timothyshire,difference
Emily Turner,(264)118-6354,williamalexander@wolfe.com,West Catherine,loss
Gina Martinez,+1-929-205-7501x38416,gcarpenter@williams.org,North Justin,cultural
Carmen Foster,902-965-8528,claytonclayton@miranda-carter.net,Williamberg,sea
Bruce Munoz,001-868-690-1299x4912,michele32@hotmail.com,West Makayla,lot
Megan Davis,937.836.7200x5729,crystal47@gmail.com,Valerieton,remember
Craig Jennings,+1-744-022-4732,benjamin77@gmail.com,West Brendahaven,development
James Cohen,(824)071-7211x8788,sandra60@yahoo.com,West Justinmouth,social
Antonio Clark,+1-371-853-5136x76333,rachel95@jenkins-duncan.com,New Danielchester,night
Douglas Peters,166.886.2191x4748,brandon29@barnett-howard.net,Melissabury,forget
Kelly Davis,+1-853-308-3917,cassidyshaffer@yahoo.com,Griffintown,PM
Sandra Anderson,+1-308-677-1720,jared43@yahoo.com,Wandaburgh,many
Leslie Mccoy,001-734-603-0205x5420,ashleyclark@yahoo.com,Michelleview,finish
Sarah Wilson,078.000.8986,kathleen39@james-martinez.com,North Ethanport,all
Christine Adams,(368)615-7567,lauren76@yahoo.com,East Faithmouth,if
Kimberly Collins,001-414-492-7037x56823,donald04@yahoo.com,Lake James,born
Joshua Rogers,(753)138-0338,qmejia@hotmail.com,Washingtonton,nature
Gregory Perez,+1-609-633-7240,foxvictoria@hotmail.com,East Dawnmouth,laugh
Elizabeth Taylor,358.381.4340,cedwards@hotmail.com,North Frederick,fast
Christopher Chan,680.449.6153x070,dawnbuck@stark.com,East Jimmyfurt,job
Lisa Johnson,106-848-0885x1016,jonescarolyn@yahoo.com,Port Brianview,thus
Cory Sandoval,+1-606-113-6385x559,garciaernest@lowe.com,East Rachelville,skill
Samuel Allen,001-539-781-1248x608,hbell@price.com,Port Tracy,for
Ellen Sharp,855-729-6212,melissapalmer@wright.com,Scottmouth,seven
Katie Sanders,111-871-5792,chelseawyatt@mcconnell.com,New Kelly,high
Jason Austin,001-110-549-8090x61891,landerson@yahoo.com,North Jessica,contain
Tonya Anderson,(599)834-4700x99630,zperez@hotmail.com,Novakside,understand
Victoria Davis,+1-766-524-5537x0871,qgarcia@gmail.com,New Jenniferbury,argue
Michael Ali,594.197.2322x6402,justinvaughan@gmail.com,East Paultown,beautiful
Richard Ortiz,+1-554-307-7384x146,djoseph@yahoo.com,Greenchester,join
Evan Romero,+1-374-193-0737x0595,ekelley@jones.com,East Anthony,town
Laura Duncan,909-197-9170,edwardssandra@hotmail.com,East Ronniebury,example
Gary Hernandez,(898)945-5973x534,jessica81@hotmail.com,East Kristopher,floor
Natalie Harrison,(373)636-1765x658,rwillis@hotmail.com,West Cynthia,put
Richard Lowe,(074)189-6986,pagewendy@yahoo.com,Port David,he
Mrs. April Freeman,796-748-3160x89690,wwalker@gmail.com,North Eddiemouth,town
Charlene Lewis,001-751-453-9695,jeffrey92@hotmail.com,Matthewbury,recently
Mark Sparks,001-785-406-0756x07841,pamela28@velasquez-hayes.com,Jacksonmouth,sign
Kimberly Little,(707)707-7984,beverly96@yahoo.com,New Scott,each
Jerry Cardenas,001-207-257-7707x8644,joshuaarellano@anderson-lopez.info,South Travisborough,radio
James Roman,+1-504-237-8333x7344,kayla30@flores.com,New Bryan,television
Bryan Jimenez,(843)813-5321x89122,iharding@alexander.net,Francisshire,world
Alexander Robles,007.216.8474x6783,phall@dillon.info,Lake Lindsay,I
Daniel Hardy,216.359.9325x330,morrislisa@gmail.com,Lake Andre,onto
Susan Stokes,(637)755-7016x9757,kimberly32@gmail.com,Rossborough,show
Charlene Thomas,(702)749-2189,mitchelldouglas@gmail.com,South Debbieside,generation
Megan Moore,(016)219-9773x22882,jerryhoover@lang.biz,Jenningsfort,skin
Mary Barry,388.475.4557x81609,jacqueline48@valdez-burke.info,Alexanderberg,pass
Mark Rosario,037-885-1256,bglover@yahoo.com,Moralesside,radio
Lori Bradshaw,372.427.5189x006,chamilton@williams.com,Allenbury,bill
Matthew Miller,+1-722-291-6159x02988,kingheather@yahoo.com,Lake Gina,answer
Erin Petersen,(664)170-1435,william98@dunn.org,Hansonland,interest
Andrew Marshall,001-633-037-3645,megan72@hotmail.com,Juliehaven,including
Nicholas Perez,(249)945-7449x055,uramirez@yahoo.com,South Perryfort,around
Thomas Christensen,063-974-0512,kendrasanchez@cook-reed.com,East Barbara,interest
Shawn Potter,(834)816-5108,fspears@ramos.info,Stephenshire,keep
Joseph Hill,(897)070-5608x992,beckerkathleen@gmail.com,Davidsonberg,report
Sean Ruiz,161.126.8338,stewartmelissa@yahoo.com,Sullivantown,realize
Tyler Morrison,9684246784,williamsjohn@dalton-foster.com,Batesburgh,nearly
Patrick Sosa,0288464917,gallegoskatie@butler.com,Jacksonview,visit
Anthony Guzman,896-680-3684,douglasgriffith@gmail.com,West Autumn,glass
Dawn Perez,(026)676-8213,allenhuynh@sharp.org,North Kimberly,theory
Michael Douglas,923.970.9704x8779,matthewharrison@hotmail.com,Michelleborough,young
Mary Clark,(051)430-4205x9689,turnernicole@hall-morgan.com,New Benjaminland,out
Robert Garcia,(022)849-6811,damonscott@gmail.com,North Anita,building
Katie Smith,038-995-8083x900,alvaradojodi@gmail.com,New Christianton,financial
Shawn Mcmillan,(590)872-7369x56649,ahill@schroeder-long.biz,Katieberg,sell
Robert Olson,615-074-7970,ywilliams@gmail.com,Michaelfurt,even
Steven Hernandez,610.158.5721,pamelablack@hotmail.com,Port Sarah,fight
Kayla Harris,(088)609-9371,jennifergarner@davis.net,South Josefort,office
Isabella Webster PhD,+1-161-745-5319x325,dcohen@hotmail.com,South Andreaville,management
Dustin Oconnor PhD,+1-536-364-5121,careyshawn@green-crawford.net,East Sarahmouth,consider
Chris Silva,229.525.0209x704,byrdhannah@miller-smith.org,Davidview,city
Melanie Williams,291.027.6068,jennifer23@yahoo.com,North Jennifer,subject
Craig Hudson,+1-360-766-6929x4018,adrianbailey@gmail.com,Thomasfurt,present
Andrew Espinoza Jr.,9506384986,lewisalexis@cox.com,Port Kevinborough,shoulder
Jeffrey Austin,814-110-3799x19441,bradleygeorge@gmail.com,Grimesstad,growth
Michelle Mills,(486)607-0599x549,jason88@gmail.com,Jonesmouth,executive
Brad Wilson,784-753-0156,bradyjenny@hotmail.com,Ronaldshire,whose
Cameron Wolf,001-461-496-3175,goodwinmeagan@hotmail.com,Santosport,song
Joel Mccormick,578.294.1940x8731,jasonstevens@yahoo.com,Cooperberg,bit
William Robinson,564-249-3698x2416,jstewart@gmail.com,New Kathrynside,bill
Dr. Michael Harvey DVM,001-422-349-2062x0142,daniel52@fernandez-hunt.org,Travisfurt,ask
Jamie Rodriguez,(999)182-1306x6528,phillipssteven@thompson-vargas.com,Williamport,late
Nicole Krause,937.530.1735x71149,ashley26@yahoo.com,Rachelbury,paper
Jonathan Garcia,347-381-1009,ericsimpson@yahoo.com,Pottston,major
Kenneth Zavala,197.492.3786x3513,alexis01@allen-graham.com,West Angelaside,so
Jasmine Howard,001-440-766-0239,goodmankatie@hall.org,Clarkburgh,over
Stacey Burton,802.021.2736x130,johnhuerta@hotmail.com,South Laurenland,four
Jack Johnson,579.954.4062,wilsontara@jones.com,Espinozaberg,save
Amanda Knight,+1-920-192-9406,heather20@baker.com,Karlaville,boy
Lori Merritt,026.524.9938,lisawebb@gmail.com,Lake Susan,chance
Kathryn Meyer,+1-907-718-9273x799,edward64@young.com,Johnsonland,expect
Christopher Lambert,001-137-682-5621x2648,wporter@richardson-james.com,Kramerfort,you
Nicole Lee PhD,+1-881-110-4003x6760,chapmanjose@yahoo.com,Lake Jacqueline,benefit
Joshua Smith,3959608719,ruthtravis@gmail.com,Anthonyshire,sing
Mrs. Kelly Moore,001-846-006-5750x55437,lucasyang@gmail.com,Johnton,raise
Nicholas Martinez,144-757-4174,cassandragutierrez@jones.biz,Port Angela,fire
Christopher Davis,001-992-616-5107x243,larry26@hotmail.com,Hernandezview,write
Lauren Meyer DDS,349-677-2304,rhonda27@rodriguez-carter.com,Taylorburgh,when
Ashley Fuller,001-570-102-6246x82968,andrea40@adams-craig.com,South Steven,language
Gregory Lynn,640.454.0778x5333,uchang@gmail.com,South Paula,hundred
Connor Martinez,001-695-008-9667x7703,gatestracie@edwards-hudson.com,Hallton,may
Karen Newman,311-447-0172,kennethpace@gmail.com,Port Donaldton,notice
Ashley Meyer,5541437208,eileen85@hotmail.com,North Michael,product
David Taylor,140-727-2304x91980,jameswood@yahoo.com,Joelchester,suddenly
April Carrillo,588-264-7033x567,frankalvarez@jordan.com,Lake Bradley,entire
Kristy Carter,824-739-7365x0005,shanepowell@gmail.com,North Rogerview,PM
Kathleen Mercer,+1-477-910-6344x162,matthew73@morgan.biz,West Shirleytown,key
Juan Smith,527-256-9216,juliabenjamin@gmail.com,Shaunville,result
Felicia Rios,1302339439,jacob43@yahoo.com,West Deborahtown,field
Stacy Richardson,(837)755-6708x7237,warrenrichard@gmail.com,Jameston,pressure
Amanda Smith MD,(062)446-9416,justin38@torres.biz,Gregoryton,and
Donald Campbell,087.039.0616x824,schmidtdustin@lee-hart.com,Chandlerton,sign
Jeffrey Daniels,001-977-847-9585,gallagherdiana@ford.info,West Marcborough,century
Kimberly Burton,3023897069,william47@miles.com,Wilsonborough,almost
Tiffany Patterson,592-942-1304x56086,johnsonkaitlyn@taylor-schneider.com,South Catherineport,beyond
Steve Stone,341.865.5307x2039,johnjenkins@gmail.com,Port Scott,however
Mary Paul,(232)635-0839x1248,brianbooth@yahoo.com,North Alex,effort
Eric Jacobs,(636)117-5890x452,morganjohnson@clayton.net,Port Jessica,program
Nathaniel Dominguez,7483048666,hgordon@gmail.com,Katherineburgh,beat
Rebecca Rodriguez,(010)655-0129x195,thompsonnicole@ryan-burns.com,South Kimfurt,performance
Marissa Fuller,2520229016,elizabethramsey@brown.com,East Christopherland,gas
Jonathan Robinson,972.285.3872x428,xharris@yahoo.com,Greenville,others
James Brown,1597284743,lmartin@fry.net,New Shannon,soon
Sherri Ward,027.351.2250,richard08@shaw-gibson.com,New John,pretty
Erica Thomas,615.527.0300x396,heatherherrera@williams.com,East Vincentborough,exactly
Adrian Tate,145-507-6012,joseph02@gmail.com,Sanchezstad,not
Joshua Little,749.330.6959x800,jessicajohnson@hotmail.com,Lisaton,think
Sandra Perez,689-259-7540x23804,smithbethany@villarreal.com,Richardhaven,consider
Kevin Flowers,(307)723-2505x573,jessica78@hill.com,Cunninghamfort,add
Nicholas Rogers,(619)923-4331x56398,xcruz@yahoo.com,Davisfurt,chance
Steven Alvarado,+1-177-393-3042x576,jenniferkline@wise-hall.org,Alexhaven,challenge
Julie Campbell,627-366-3874,erik67@hotmail.com,East Caleb,rest
Eric Simmons,+1-385-203-8703x7942,yatesbrandy@yahoo.com,North Lisaport,partner
Jennifer Ross,+1-720-569-5647x30134,vtorres@hotmail.com,Lake Tamiborough,green
David Davila,+1-009-170-2573x4377,scottyoung@castaneda.org,Lake Meganhaven,truth
Sharon Barry,001-896-257-7307x694,eric88@jones-johnson.com,East Alanton,yourself
David Shepherd,+1-237-801-8715,samanthaduncan@hotmail.com,West Logan,him
Michelle Reid,1776266261,james32@hall-stephens.info,Rioshaven,discover
Peter Diaz,274-845-6928x440,kgarcia@gmail.com,Port Terry,country
Christine Davis,(422)806-8950,ocopeland@hotmail.com,Sheppardshire,health
Brian Jones,635-770-5425x5883,lori49@hotmail.com,Michaelhaven,want
David Wilson,001-150-284-7986x1960,kathy70@davis.net,West Alanton,east
Jeffrey Johnson,607.982.3886x548,bcarpenter@hotmail.com,Port Andrew,civil
Charles Robinson,+1-794-458-7100x6469,ggarcia@yahoo.com,Garrettmouth,represent
Scott Reed,(171)522-3384,nataliejordan@yahoo.com,Port Scott,any
Nicholas Cunningham,8374969139,perryolivia@woods.com,North Ivan,kitchen
Brandy Hughes,953.158.8400,pmiller@johnson-watson.com,New John,somebody
Christina Smith,+1-860-542-4518x90607,mgutierrez@yahoo.com,North Bryanville,discuss
Alan Leonard,+1-883-130-1986x3667,rachelduke@hotmail.com,Jacobmouth,that
Emma Bennett,+1-354-036-0664,deborah96@simmons-hall.com,Lake Stephen,save
William Bailey,+1-496-376-0805x174,hlong@hendricks.org,East Christinastad,face
Joel Perry,5522046407,vdavis@yahoo.com,Michaelland,state
Richard Ruiz,+1-618-682-2720x90334,michelleprice@sparks-hall.com,North Crystalmouth,believe
Jeffery Patrick,6263012154,lisahale@yahoo.com,East Jaymouth,democratic
Anthony Wells,561.915.8120x17965,vduncan@parsons.biz,Juliaberg,price
Christine Ramsey,483.970.2367x372,blyons@gmail.com,New Joe,whole
David Perry,5152052642,jacqueline18@cantrell.com,West Rebecca,language
Tracy Steele,(597)361-1419,kevinharris@nguyen-sharp.com,West Tina,former
Brandon Sims,614-624-3331,mwright@villanueva.info,East Emily,audience
Jamie Pace,095-070-9030,jefferynelson@chavez.biz,Lake Toddview,management
Eric Gutierrez,(715)647-1009,eatonjennifer@yahoo.com,Edwardborough,discussion
Amanda Johns,001-784-032-0542x223,edward87@hotmail.com,Fosterton,green
Jessica Price,997.400.2384,kimjones@yahoo.com,Sullivanville,race
Jeffery Rodriguez,(787)545-2854,lmorgan@yahoo.com,Penaview,follow
Sean Hill,520-574-6261x50733,vwilliams@yahoo.com,Leahfort,ten
Kenneth White,+1-339-503-3476x0516,nnguyen@rivera.com,Mahoneymouth,for
Jaime Foster,+1-433-165-5303x833,todd68@yahoo.com,Port Christophertown,than
Deborah Anderson,438-653-2710x543,qshields@hotmail.com,Jameshaven,lose
Dr. Rachel Ramirez DDS,106.834.0374x5047,grios@mcmillan.com,Lake Caitlin,activity
Autumn Thornton,001-588-037-6236x7657,reginald32@hotmail.com,West Rachel,peace
Janice Thompson,199.169.0531x428,sarabrown@gmail.com,Port Jasonfort,real
Pamela Thompson,001-976-094-1613,christinenichols@martinez.biz,East Emilyshire,lead
Vincent Roberts,588-870-1327,russellruth@smith.com,East Kristentown,present
Eddie Gonzalez,+1-113-375-8924x331,cbecker@henderson.com,Port Desiree,raise
Jacob Robinson,295-485-7116,sarahreid@thompson.info,Lake Kristieland,him
Tina Flynn,720.666.5242x1249,hallbryan@gmail.com,Lunamouth,science
Steven Hill III,+1-790-336-3321x072,rodriguezedwin@adkins.org,Port Jennifer,become
Spencer Thompson,280.941.7598x509,xkline@hotmail.com,Matthewbury,free
Jason Foster,(019)793-9281x0833,amy27@gmail.com,South Debbie,he
Michelle Gilmore,732.260.4561,lindawilliams@yahoo.com,East Sherrychester,news
Dana Owen,868.075.4390x446,jonathon15@gmail.com,Jacksonport,property
Tara King,(755)924-0586x58042,christopheracosta@baker-nguyen.org,Johnsonview,national
Anita Patterson,001-038-094-7914x945,xhayes@davis-glass.biz,Pittsmouth,friend
Erica Johnson,+1-251-443-8656x03509,cmartin@lopez.com,Campbellmouth,least
Dillon Powell,+1-204-107-2169x8730,gellis@miller-hutchinson.net,Wilsonside,always
Joshua Smith,001-720-612-8200,wsmith@yahoo.com,Woodbury,history
Brittany Wright MD,001-279-620-0397x881,towens@payne-anderson.com,West James,building
William Patterson,001-241-116-0697,andrew52@gmail.com,East Kimberly,summer
Brittany Key,231.998.7033x8754,rossjose@snyder-fuller.org,Cherylstad,compare
Sarah Lynch,603-150-0805x2055,pamela15@hotmail.com,Sanchezville,personal
Bradley Johnson,391.898.8169,cvargas@mcintosh.com,Tammyview,final
Philip Walker,6454107727,abigailruiz@duarte.com,East Ralph,still
Leon Larson,(295)909-5691x8161,vchambers@gmail.com,Timothyton,law
Jennifer Ramos,522.613.1205,john11@anderson-mcmillan.info,North Nataliechester,before
Anna Hamilton,(722)421-3299x8291,perezmelinda@hodge-little.com,Vincentborough,town
Joseph Mueller,687-455-5643,maria86@yahoo.com,Kathrynhaven,company
Mr. Rodney Payne,417-459-4446x1738,justinstevens@hotmail.com,West Pamelaview,believe
Nicole Pearson,(321)986-7277x04964,jason09@hotmail.com,North Williehaven,stand
Kristen Kelly,(577)448-7868x964,allensheri@gmail.com,Deckerville,three
Philip Payne,1152423443,patricia62@warren.com,Jaredport,quickly
Nicole Matthews,001-656-166-1102x7040,hahnadam@gmail.com,Port Michaelville,think
Ricardo Cabrera,001-968-315-0096x8546,deleontaylor@gmail.com,Toddburgh,against
Christopher Santos,(641)655-3909,kentmiller@yahoo.com,Port Johnport,gun
Leah Davis,001-004-351-1133x62047,mroberts@yahoo.com,Bridgesside,impact
Cindy Arnold,(041)813-6238,wgarcia@lang-hart.com,Richardborough,perform
Robert Boyd,+1-528-143-1175x301,jenna13@hotmail.com,Russoberg,nothing
Kenneth Garcia,+1-659-881-3589,ojohnson@gmail.com,Lake Wesleytown,knowledge
Mrs. Samantha Reid,(254)452-3346,stoutrobert@schmidt.org,Heathside,think
Hannah Sanders,4555234429,mario38@hotmail.com,Cookbury,hair
Michael Hurley,139-546-0653x7630,hollyfrench@hotmail.com,East Brookeport,assume
Yolanda Johnson,(040)680-7284x70362,yrobinson@hotmail.com,Port Shannon,involve
Andre Brown,(334)718-4308x9946,angelagay@hoffman-park.biz,Sancheztown,appear
Charles Key,041-839-6668x45239,zramos@gmail.com,East Lisamouth,raise
Amanda Scott,659-785-7103x96166,xhogan@hotmail.com,Port Todd,third
Antonio Mora,9293903315,lwalker@rodriguez.com,Johnsonfurt,few
Melissa Meadows,+1-605-239-8590x13658,maryrowland@wilson-smith.com,South Megan,evidence
Christopher Peters,856.776.3497x4386,laura20@newman.org,West Donna,marriage
Stacy Clarke,001-610-806-8813x500,mcmillandylan@hurst.com,East Anthony,research
Willie Sanchez,2759970503,rrice@norton.biz,Lake Douglasfurt,room
Tamara Lopez,822-666-5864,pjones@gmail.com,New Isabella,official
Amber Evans,5807746696,freemanmatthew@williams.biz,East Thomaschester,bill
John Roth,+1-697-575-7455x043,clarkveronica@mcgee.com,Cookfort,road
Kristina Nguyen,760-532-6396x2487,christopher31@bradley.com,Hardingport,allow
Cassandra Walker,001-205-643-7772x5211,daniel14@coleman.biz,New Anthony,sell
Melissa Jensen,(932)613-9566x8314,richard40@yahoo.com,East John,year
Johnny Anderson,(024)660-1539,karenstein@cunningham.com,Heathermouth,task
Ricky Walker,499.443.4499,oyoung@smith.net,Port Noahland,military
Thomas Gallegos,969-181-8266x015,nicholas06@hotmail.com,Lake Mario,less
Brian Fernandez,054.066.7651x139,jacobkaufman@harper-walter.com,Donaldchester,himself
Brandi Guerrero,927-669-7922,dorothyclark@mills-johnson.com,New Jeffrey,hundred
William Mitchell,(747)331-8963,ostevens@hotmail.com,Emilybury,read
Jonathan Ryan,001-284-279-0122x8575,crhodes@reid.com,South Kimberlyton,bed
Andre James,042.144.6369,sanchezjason@taylor.net,Teresatown,most
Diana Mcclain,(689)290-3200,ewright@elliott-baird.info,South Brettton,bank
Ashlee Logan,(297)475-8688x990,rharmon@ward-austin.net,North Bobbyland,staff
Charles Cervantes,250-599-7406x267,howardwalker@stafford.net,Macdonaldport,statement
Aaron Munoz,(660)823-4218,perezwesley@page.com,East Traci,room
Adrian Foster,773.395.9054,isantiago@lee.com,Port Lisaberg,a
Blake Rivera MD,(432)879-9526,nancy91@santos-wilcox.org,West Lawrence,main
Carrie White,057-452-7170x11397,pruiz@gmail.com,Port Allisonbury,personal
Tony Krause,+1-923-561-2816x87410,ijames@gmail.com,Port Jay,require
Mary Kramer,001-586-467-8759,ysmith@delacruz.info,Seanport,past
Karen Cordova,797.828.7036,hughesryan@russell-decker.com,Parkburgh,what
Karen Buchanan,3213975884,dustin37@hotmail.com,West Kevinchester,memory
Wanda White,481-789-9638x077,donald28@rosales.info,West Susan,door
Erin Turner,389.769.2194x14468,angelica30@simmons.com,Christinechester,story
Kyle Cook,983.936.4457,mitchellgregory@yahoo.com,Diazview,return
Robert Evans,001-383-064-9739,kingdennis@yahoo.com,South Anthonyberg,quite
Barbara Walker,9919337719,peter54@chapman-martinez.com,Port Alyssa,agency
James Adkins,(838)869-7679,wmiller@haley.com,Deborahland,card
Emily Hart,+1-918-584-2460x9584,ashleyhernandez@townsend.com,New Paul,name
Joshua Lloyd,(261)943-0294x12115,kelleymarcus@hotmail.com,North Erika,your
Amy Johnson,(136)191-9224x3073,dholmes@mitchell.com,Joneshaven,design
Sabrina Reeves,(786)056-0443,xadams@gmail.com,Andersonport,high
Elizabeth Hebert,2540329442,pcarroll@davis-thompson.com,Kristyland,state
Jessica Caldwell,927.800.3959x33411,patriciaroberts@gmail.com,Lake Robert,issue
Nancy Alexander,594-070-0667,imcconnell@yahoo.com,Peggyborough,news
Leslie Anderson,(593)548-1104x6970,uchen@gallagher.com,Andersonshire,can
Carly Murphy,4528213810,smithjesse@yahoo.com,Lake John,former
Ruth Lee,272.931.2794,ihawkins@yahoo.com,Jaymouth,wear
James Williams,025-707-4858x938,andre09@gmail.com,New Matthewshire,energy
Tyler Rice,(976)002-0265x0347,stephanie16@fernandez-barnes.com,Ariasstad,along
Reginald Smith,001-490-302-1716x10215,amandaayers@brown.com,Jeffton,already
Gabrielle Wise,(232)021-6742,christina38@mendoza.biz,Gutierrezberg,economy
Brandy Aguirre,6677502527,taylor41@gmail.com,West Dawn,star
Daniel Thornton,542.525.2650,johnnyhess@black.com,Mooreshire,economic
Alejandro Johnson,453.951.4711x862,uhenry@hotmail.com,New Martin,apply
Kevin Stephenson,755-399-4849x96976,christina15@gmail.com,Jessicafurt,young
Michael Hughes,805-650-9413,chenwilliam@gmail.com,West Donald,face
Norman Snyder,920-975-2906,shannoncook@wagner.com,Hodgeshire,century
Charles Smith,(373)733-0910,pamela58@hotmail.com,North Teresa,our
Calvin Jones,+1-885-405-5687x692,kellyjames@yahoo.com,Blackburntown,enter
James Mills,036-533-6291,ethanperry@yahoo.com,North Alexanderton,voice
Kristen Garcia,050.602.4925,slowe@collins-benson.com,Sarahborough,degree
Jill Anthony,(273)209-4109,bryanmata@pruitt.com,Christopherborough,wide
Brenda Washington,(352)140-2893,morrisonhunter@hotmail.com,Wadeside,mind
Douglas Alvarado,001-387-150-0608x563,kellerchristy@frost.info,Danielport,be
Megan Heath,245.650.9043x984,elizabethmartinez@gmail.com,Jamestown,artist
Colin Thompson,(907)797-4679x9037,wardashley@house-jordan.org,Port Bradleyside,test
Scott Harris,507.737.9844x08054,jeffrey75@yahoo.com,Powellport,commercial
Victoria Nguyen,988-394-5176x6809,teresahampton@yahoo.com,New Soniamouth,I
Matthew Anderson,+1-224-706-0864,mistybrown@turner.com,Douglasburgh,notice
Jennifer Mason,001-601-807-0153x6041,janice60@hotmail.com,Lucasview,claim
Jacqueline Friedman,9182509269,hthomas@gonzalez.net,Port Bradley,professional
Ryan Weber,4375291737,moneal@shaw.biz,Kaitlinburgh,late
Rebecca Green,(607)341-5356x1129,riggsjay@gonzalez.com,Gregoryburgh,skill
Erin Boyd,529-156-1266,mdavis@oconnor-patterson.biz,New Michael,by
Ruben Clay,501.122.9826x9002,kennethmedina@hotmail.com,Anthonymouth,attorney
Joe Vaughn,(865)886-8307x99363,ohall@gmail.com,West Michaelton,often
Lauren Aguilar,9983393845,whudson@gmail.com,New Jennifer,white
Tina Smith DVM,419.033.1387x869,hnicholson@hotmail.com,East Paul,with
Justin Wade,604.118.8796x71805,laura06@phillips.com,Montoyachester,break
Tammy Page,620.604.4437x07572,kristihays@hotmail.com,Haleyfort,case
Sarah Carroll,(303)951-8905,amanda28@hardy.com,Jacobberg,often
Jasmine Hernandez,826-296-8607,nicholasrobinson@barrera.info,Christinaburgh,first
Kathleen Gonzales,9153780411,obarnes@jones.com,East Bonnie,government
Sharon Lawson,010-393-1154,david59@boyle.com,West Paul,Democrat
Crystal Smith,+1-978-445-6215,eray@gutierrez-mclean.org,Larrymouth,itself
Thomas Li,(003)740-2972,qpatterson@wood.com,North Christopherhaven,policy
Michael Hawkins,001-091-662-5526x7963,vray@gmail.com,West Kellyshire,be
Timothy Brown,582.080.5997x9075,dblack@brown-mccormick.com,Kochbury,out
Oscar Flowers,+1-614-702-8773x8056,xprice@yahoo.com,West Christopherland,from
Elizabeth Morris,938.023.8008x163,canderson@hotmail.com,Joanntown,certainly
Christina Gonzalez,786.482.9543x79959,bradleycook@johnson.com,Davidchester,kid
Jaime Meyers,+1-900-480-5379x2581,qbarnes@hotmail.com,Codyshire,fast
Matthew Chase,994-457-5721x1364,pruiz@gmail.com,Mitchellfort,law
Jonathan Curtis,001-359-889-1108x30251,grahamrobert@johnston.com,Port Kimberly,poor
Gina Hunt,6612354192,cassandra24@gmail.com,Daltonfurt,product
Norman Fernandez,001-363-644-0566x4769,pwatts@arias-yoder.com,Lake Marcus,feeling
Michele Perez,906-690-6509,davisamy@hill.com,Jamesberg,TV
Carolyn Wright,001-483-298-4239x46419,heather05@lewis.info,South Adrian,than
Joseph Hill,+1-475-597-3659,emoore@hotmail.com,Kimberlymouth,pick
Laura Luna MD,001-297-867-1535,shelbystephens@hotmail.com,Juanberg,wonder
Erika Romero,(111)216-9147,matthew67@yahoo.com,Port Ashleybury,strategy
Mark Harvey,(509)734-7904x8040,jennifer43@fernandez.com,Port Robertchester,allow
Rachel Flores,001-458-251-7978x33185,xwhite@reed-bennett.com,North Christineshire,serious
Jessica Vaughan,586.111.4547x7555,tinahopkins@lopez-bean.info,Lake Brettmouth,lose
Stephanie Spears,001-250-187-8583x930,michaelgarza@west.info,South Robert,air
Dennis Werner,(785)809-7418,umurray@ball-miller.biz,South Catherineborough,miss
Jamie Jensen DDS,074.991.6360,pjones@campbell.biz,Lake Marthaville,hundred
George Cummings,(541)592-5855x1309,maria43@gmail.com,Wheelerport,oil
Christine Wells,773.442.9724,mary16@hotmail.com,North Hannah,today
Diana Allen,989.698.2620x803,vmarshall@hull-cobb.org,Sellerston,entire
Rachel Munoz,+1-713-221-4981x8999,martinezdonna@hotmail.com,West Michelleside,career
Kimberly Tran,655-679-9974x27670,jennifervaughn@gmail.com,Woodschester,set
Brittany Frazier,001-931-489-0331x96835,ricelinda@spencer.com,Collinsmouth,image
Jeffrey Ruiz,+1-327-760-2485x7183,christopherpena@yahoo.com,South Georgeton,thing
Bianca Anderson,(125)949-5181x91879,carneymaurice@lewis.biz,New Anthonystad,draw
Sabrina Wheeler,190-717-4641,larsonjessica@yahoo.com,Villanuevachester,son
Nancy Drake,+1-158-878-3621,tanyacarter@potter.org,East William,worry
Corey Dean,8509041635,bellrichard@gmail.com,Lake Denise,less
Tracy Hale,+1-207-157-5740,debra68@gmail.com,Emilyport,good
Janice Rodriguez,(764)189-3453x816,robinsonvalerie@smith.biz,North Michaelton,more
Ryan Hicks,001-135-372-0893x5600,hlucero@yahoo.com,West Christopher,heavy
Kathryn Davila,(270)274-0187x2328,watsonjerry@gill.info,East Michellebury,sit
Bernard Larsen,403.358.6673x3051,lowetammy@yahoo.com,Martinland,five
Julie Phillips,001-304-120-5048,amygonzalez@yahoo.com,Hernandezbury,hard
Vincent Berger,+1-549-407-6461x195,thomas23@gmail.com,Shieldston,control
Michael Romero,+1-672-373-6753x410,qblake@gonzalez.com,South Kimberly,source
Jeffrey Chavez,+1-844-517-7694x280,lewisjulie@meyers.com,South Robertchester,figure
Ryan Mcdonald,829-958-1096x5953,alex82@gmail.com,Lake Kristina,power
Edward Mercado MD,001-137-798-5278,caitlin26@gmail.com,Gibsonshire,direction
Christopher Ayers,+1-641-179-2951x36712,iflores@yahoo.com,West Erica,think
Jason Fuller,001-028-611-2220,danielle68@frazier-jensen.com,Nancystad,show
Nicole Hoffman,001-212-929-4615x9679,hwilcox@allison-lyons.com,Brianside,treatment
David Miller,762-977-4120x1217,david48@smith.com,New Katrina,physical
Stephen Johnson,683.797.8364x53410,rosariotina@yahoo.com,Chelseyburgh,institution
Sean Morgan,+1-393-947-7979x382,kathleen84@gmail.com,New Robertfurt,enough
Gary Martin,537.862.9530,wagnerrandy@yahoo.com,East Courtneyside,that
Susan Nelson,571-608-1306x231,parkerjose@hotmail.com,West Mary,close
Shannon Roberson,001-063-072-9236x47683,morrisanthony@stewart.com,North Emily,party
April Figueroa,001-434-978-7228x823,antonio15@dunn-martin.net,Kennethside,break
Alexander Smith,(369)112-0493,jallen@smith-hood.com,Lake Gregory,hotel
Kristin Orr,817-542-3703,marcnorman@yahoo.com,Tuckerland,firm
Steven Barber,205-328-0553x8300,suzanne64@lee.net,South Sandra,ahead
Luis Hoover,239-680-9358x70209,jramirez@gmail.com,Douglasstad,character
Gregory Williams,560-777-7802,anthonysmith@gmail.com,West Melanieton,thing
Kristopher Gonzales,001-966-539-3740x16561,ehouston@alexander.biz,South Justinport,fear
Jennifer Davis,203-798-1952x28070,elizabeth27@gmail.com,West Rachelshire,may
Gregory Carlson,(871)042-1925x4974,guerracassandra@pena.biz,Mariaborough,apply
Brittany Johnson,402-090-5864,jonathan92@hotmail.com,Sotoport,manage
Bethany Gardner,139-836-5727,lcooper@gmail.com,Lake Kendra,clear
Daniel Cummings,001-886-275-5464x98132,andrewholmes@yahoo.com,West Theresa,list
Zachary Baker,208-160-6711x7205,farrelljoshua@owens.com,West Patriciastad,weight
Elizabeth Franco,001-350-999-5360x90477,ejacobs@yahoo.com,Caseyside,blood
Erin Walker,+1-881-142-4057x9936,jeffery37@gmail.com,East Sallyhaven,hotel
Michael Cox,001-681-478-8230,stantonpaul@yahoo.com,Vickieborough,interesting
Christopher Webb,728-023-1205,paul34@hotmail.com,Port Andrealand,air
Joshua Johnson,(552)895-3790x2766,kathrynestrada@yahoo.com,Benjaminburgh,while
Marissa Jones,(242)848-5466x53750,sarah67@yahoo.com,Feliciamouth,reach
Natasha Henderson,(625)799-3971,nelsoncourtney@potts.net,Kingstad,leg
Melinda Espinoza,+1-447-497-5588x5286,jessica33@sims.info,Joshuastad,cut
Robert Bauer,522-367-1173x8900,jill63@strickland-cameron.com,East Travisport,himself
Katherine Freeman,460-232-9677x394,patriciaharrison@hotmail.com,South Jamesmouth,smile
Jason Harper,(535)843-2770,wrodgers@yahoo.com,East Joshua,big
Brittany Weiss,2068184070,nsmith@williams.com,Gutierrezborough,citizen
Maria Garrett,887-781-6182x47241,dunnleslie@hall-montgomery.com,Moodyville,course
Bryan Davis,(839)729-5694x3138,jackmcknight@gibbs.com,North Julia,responsibility
Rodney Reilly,+1-116-650-0939,aortega@hotmail.com,Lake Christyborough,high
Gabrielle Odom,001-457-292-2901,haleysilva@hotmail.com,North Tammymouth,ready
Lisa Pearson,001-538-587-6273x999,marisa93@wade-lopez.com,Lake Emily,kid
Kevin Garrison,(447)322-9905,shane52@smith.net,Timothyland,think
Arthur Lawson,(365)528-3271x9496,qtaylor@james-wood.com,West Andrewtown,our
Connor Palmer,(529)240-1453x8381,tiffany55@norris-horton.biz,Brianview,trouble
Jessica Mason,871-161-1752,evansdawn@hotmail.com,North Timothy,understand
